<profile version="1.0">
  <option name="myName" value="Default" />
  <inspection_tool class="PyPackageRequirementsInspection" enabled="true" level="WARNING" enabled_by_default="true">
    <option name="ignoredPackages">
      <value>
        <list size="8">
          <item index="0" class="java.lang.String" itemvalue="albumentations" />
          <item index="1" class="java.lang.String" itemvalue="scipy" />
          <item index="2" class="java.lang.String" itemvalue="efficientnet_pytorch" />
          <item index="3" class="java.lang.String" itemvalue="torch" />
          <item index="4" class="java.lang.String" itemvalue="numpy" />
          <item index="5" class="java.lang.String" itemvalue="torchvision" />
          <item index="6" class="java.lang.String" itemvalue="opencv_python" />
          <item index="7" class="java.lang.String" itemvalue="Pillow" />
        </list>
      </value>
    </option>
  </inspection_tool>
  <inspection_tool class="PyPep8NamingInspection" enabled="true" level="WEAK WARNING" enabled_by_default="true">
    <option name="ignoredErrors">
      <list>
        <option value="N806" />
      </list>
    </option>
  </inspection_tool>
</profile>