<application>
  <component name="ProjectJdkTable">
    <jdk version="2">
      <name value="Python 3.9" />
      <type value="Python SDK" />
      <version value="Python 3.9.1" />
      <homePath value="E:\Python3.9.1\python.exe" />
      <roots>
        <classPath>
          <root type="composite">
            <root url="file://E:/Python3.9.1/DLLs" type="simple" />
            <root url="file://E:/Python3.9.1/Lib" type="simple" />
            <root url="file://E:/Python3.9.1" type="simple" />
            <root url="file://$USER_HOME$/AppData/Roaming/Python/Python39/site-packages" type="simple" />
            <root url="file://E:/Python3.9.1/Lib/site-packages" type="simple" />
            <root url="file://E:/Python3.9.1/Lib/site-packages/win32" type="simple" />
            <root url="file://E:/Python3.9.1/Lib/site-packages/win32/lib" type="simple" />
            <root url="file://E:/Python3.9.1/Lib/site-packages/pythonwin" type="simple" />
            <root url="file://$USER_HOME$/AppData/Local/JetBrains/PyCharm2020.3/python_stubs/257659140" type="simple" />
            <root url="file://$APPLICATION_HOME_DIR$/plugins/python/helpers/python-skeletons" type="simple" />
            <root url="file://$APPLICATION_HOME_DIR$/plugins/python/helpers/typeshed/stdlib/3.9" type="simple" />
            <root url="file://$APPLICATION_HOME_DIR$/plugins/python/helpers/typeshed/stdlib/3.7" type="simple" />
            <root url="file://$APPLICATION_HOME_DIR$/plugins/python/helpers/typeshed/stdlib/3" type="simple" />
            <root url="file://$APPLICATION_HOME_DIR$/plugins/python/helpers/typeshed/stdlib/2and3" type="simple" />
            <root url="file://$APPLICATION_HOME_DIR$/plugins/python/helpers/typeshed/third_party/3" type="simple" />
            <root url="file://$APPLICATION_HOME_DIR$/plugins/python/helpers/typeshed/third_party/2and3" type="simple" />
          </root>
        </classPath>
        <sourcePath>
          <root type="composite" />
        </sourcePath>
      </roots>
      <additional />
    </jdk>
    <jdk version="2">
      <name value="Python 3.9 (pythonProject)" />
      <type value="Python SDK" />
      <version value="Python 3.9.1" />
      <homePath value="C:\Users\supr1ce\PycharmProjects\pythonProject\venv\Scripts\python.exe" />
      <roots>
        <classPath>
          <root type="composite">
            <root url="file://E:/Python3.9.1/DLLs" type="simple" />
            <root url="file://E:/Python3.9.1/Lib" type="simple" />
            <root url="file://E:/Python3.9.1" type="simple" />
            <root url="file://$USER_HOME$/PycharmProjects/pythonProject/venv" type="simple" />
            <root url="file://$USER_HOME$/PycharmProjects/pythonProject/venv/Lib/site-packages" type="simple" />
            <root url="file://$USER_HOME$/AppData/Local/JetBrains/PyCharm2020.3/python_stubs/689630663" type="simple" />
            <root url="file://$APPLICATION_HOME_DIR$/plugins/python/helpers/python-skeletons" type="simple" />
            <root url="file://$APPLICATION_HOME_DIR$/plugins/python/helpers/typeshed/stdlib/3.9" type="simple" />
            <root url="file://$APPLICATION_HOME_DIR$/plugins/python/helpers/typeshed/stdlib/3.7" type="simple" />
            <root url="file://$APPLICATION_HOME_DIR$/plugins/python/helpers/typeshed/stdlib/3" type="simple" />
            <root url="file://$APPLICATION_HOME_DIR$/plugins/python/helpers/typeshed/stdlib/2and3" type="simple" />
            <root url="file://$APPLICATION_HOME_DIR$/plugins/python/helpers/typeshed/third_party/3" type="simple" />
            <root url="file://$APPLICATION_HOME_DIR$/plugins/python/helpers/typeshed/third_party/2and3" type="simple" />
          </root>
        </classPath>
        <sourcePath>
          <root type="composite" />
        </sourcePath>
      </roots>
      <additional ASSOCIATED_PROJECT_PATH="$USER_HOME$/PycharmProjects/pythonProject" />
    </jdk>
    <jdk version="2">
      <name value="Python 3.9 (pythonProject1)" />
      <type value="Python SDK" />
      <version value="Python 3.9.1" />
      <homePath value="C:\Users\supr1ce\PycharmProjects\pythonProject1\venv\Scripts\python.exe" />
      <roots>
        <classPath>
          <root type="composite">
            <root url="file://E:/Python3.9.1/DLLs" type="simple" />
            <root url="file://E:/Python3.9.1/Lib" type="simple" />
            <root url="file://E:/Python3.9.1" type="simple" />
            <root url="file://$USER_HOME$/PycharmProjects/pythonProject1/venv" type="simple" />
            <root url="file://$USER_HOME$/PycharmProjects/pythonProject1/venv/Lib/site-packages" type="simple" />
            <root url="file://$USER_HOME$/AppData/Local/JetBrains/PyCharm2020.3/python_stubs/407877610" type="simple" />
            <root url="file://$APPLICATION_HOME_DIR$/plugins/python/helpers/python-skeletons" type="simple" />
            <root url="file://$APPLICATION_HOME_DIR$/plugins/python/helpers/typeshed/stdlib/3.9" type="simple" />
            <root url="file://$APPLICATION_HOME_DIR$/plugins/python/helpers/typeshed/stdlib/3.7" type="simple" />
            <root url="file://$APPLICATION_HOME_DIR$/plugins/python/helpers/typeshed/stdlib/3" type="simple" />
            <root url="file://$APPLICATION_HOME_DIR$/plugins/python/helpers/typeshed/stdlib/2and3" type="simple" />
            <root url="file://$APPLICATION_HOME_DIR$/plugins/python/helpers/typeshed/third_party/3" type="simple" />
            <root url="file://$APPLICATION_HOME_DIR$/plugins/python/helpers/typeshed/third_party/2and3" type="simple" />
          </root>
        </classPath>
        <sourcePath>
          <root type="composite" />
        </sourcePath>
      </roots>
      <additional ASSOCIATED_PROJECT_PATH="$USER_HOME$/PycharmProjects/pythonProject1" />
    </jdk>
    <jdk version="2">
      <name value="Python 3.9 (pythonProject2)" />
      <type value="Python SDK" />
      <version value="Python 3.9.1" />
      <homePath value="C:\Users\supr1ce\PycharmProjects\pythonProject2\venv\Scripts\python.exe" />
      <roots>
        <classPath>
          <root type="composite">
            <root url="file://E:/Python3.9.1/DLLs" type="simple" />
            <root url="file://E:/Python3.9.1/Lib" type="simple" />
            <root url="file://E:/Python3.9.1" type="simple" />
            <root url="file://$USER_HOME$/PycharmProjects/pythonProject2/venv" type="simple" />
            <root url="file://$USER_HOME$/PycharmProjects/pythonProject2/venv/Lib/site-packages" type="simple" />
            <root url="file://$USER_HOME$/AppData/Local/JetBrains/PyCharm2020.3/python_stubs/-1669331733" type="simple" />
            <root url="file://$APPLICATION_HOME_DIR$/plugins/python/helpers/python-skeletons" type="simple" />
            <root url="file://$APPLICATION_HOME_DIR$/plugins/python/helpers/typeshed/stdlib/3.9" type="simple" />
            <root url="file://$APPLICATION_HOME_DIR$/plugins/python/helpers/typeshed/stdlib/3.7" type="simple" />
            <root url="file://$APPLICATION_HOME_DIR$/plugins/python/helpers/typeshed/stdlib/3" type="simple" />
            <root url="file://$APPLICATION_HOME_DIR$/plugins/python/helpers/typeshed/stdlib/2and3" type="simple" />
            <root url="file://$APPLICATION_HOME_DIR$/plugins/python/helpers/typeshed/third_party/3" type="simple" />
            <root url="file://$APPLICATION_HOME_DIR$/plugins/python/helpers/typeshed/third_party/2and3" type="simple" />
          </root>
        </classPath>
        <sourcePath>
          <root type="composite" />
        </sourcePath>
      </roots>
      <additional ASSOCIATED_PROJECT_PATH="$USER_HOME$/PycharmProjects/pythonProject2" />
    </jdk>
    <jdk version="2">
      <name value="Python 3.9 (kaggle-dfdc)" />
      <type value="Python SDK" />
      <version value="Python 3.9.1" />
      <homePath value="C:\Users\supr1ce\Desktop\git\kaggle-dfdc\venv\Scripts\python.exe" />
      <roots>
        <classPath>
          <root type="composite">
            <root url="file://E:/Python3.9.1/DLLs" type="simple" />
            <root url="file://E:/Python3.9.1/Lib" type="simple" />
            <root url="file://E:/Python3.9.1" type="simple" />
            <root url="file://$USER_HOME$/Desktop/git/kaggle-dfdc/venv" type="simple" />
            <root url="file://$USER_HOME$/Desktop/git/kaggle-dfdc/venv/Lib/site-packages" type="simple" />
            <root url="file://$USER_HOME$/AppData/Local/JetBrains/PyCharm2020.3/python_stubs/1507682528" type="simple" />
            <root url="file://$APPLICATION_HOME_DIR$/plugins/python/helpers/python-skeletons" type="simple" />
            <root url="file://$APPLICATION_HOME_DIR$/plugins/python/helpers/typeshed/stdlib/3.9" type="simple" />
            <root url="file://$APPLICATION_HOME_DIR$/plugins/python/helpers/typeshed/stdlib/3.7" type="simple" />
            <root url="file://$APPLICATION_HOME_DIR$/plugins/python/helpers/typeshed/stdlib/3" type="simple" />
            <root url="file://$APPLICATION_HOME_DIR$/plugins/python/helpers/typeshed/stdlib/2and3" type="simple" />
            <root url="file://$APPLICATION_HOME_DIR$/plugins/python/helpers/typeshed/third_party/3" type="simple" />
            <root url="file://$APPLICATION_HOME_DIR$/plugins/python/helpers/typeshed/third_party/2and3" type="simple" />
          </root>
        </classPath>
        <sourcePath>
          <root type="composite" />
        </sourcePath>
      </roots>
      <additional ASSOCIATED_PROJECT_PATH="$USER_HOME$/Desktop/git/kaggle-dfdc" />
    </jdk>
    <jdk version="2">
      <name value="Python 3.7 (DFDC)" />
      <type value="Python SDK" />
      <version value="Python 3.7.9" />
      <homePath value="E:\Anaconda3\envs\DFDC\python.exe" />
      <roots>
        <classPath>
          <root type="composite">
            <root url="file://E:/Anaconda3/envs/DFDC/DLLs" type="simple" />
            <root url="file://E:/Anaconda3/envs/DFDC/Lib" type="simple" />
            <root url="file://E:/Anaconda3/envs/DFDC/Lib/site-packages" type="simple" />
            <root url="file://$USER_HOME$/AppData/Local/JetBrains/PyCharm2020.3/python_stubs/-690389882" type="simple" />
            <root url="file://$APPLICATION_HOME_DIR$/plugins/python/helpers/python-skeletons" type="simple" />
            <root url="file://$APPLICATION_HOME_DIR$/plugins/python/helpers/typeshed/stdlib/3.7" type="simple" />
            <root url="file://$APPLICATION_HOME_DIR$/plugins/python/helpers/typeshed/stdlib/3" type="simple" />
            <root url="file://$APPLICATION_HOME_DIR$/plugins/python/helpers/typeshed/stdlib/2and3" type="simple" />
            <root url="file://$APPLICATION_HOME_DIR$/plugins/python/helpers/typeshed/third_party/3" type="simple" />
            <root url="file://$APPLICATION_HOME_DIR$/plugins/python/helpers/typeshed/third_party/2and3" type="simple" />
          </root>
        </classPath>
        <sourcePath>
          <root type="composite" />
        </sourcePath>
      </roots>
      <additional ASSOCIATED_PROJECT_PATH="$USER_HOME$/Desktop/git/kaggle-dfdc" />
    </jdk>
    <jdk version="2">
      <name value="Python 3.7 (DFDC) (2)" />
      <type value="Python SDK" />
      <version value="Python 3.7.9" />
      <homePath value="E:\Anaconda3\envs\DFDC\python.exe" />
      <roots>
        <classPath>
          <root type="composite">
            <root url="file://E:/Anaconda3/envs/DFDC/DLLs" type="simple" />
            <root url="file://E:/Anaconda3/envs/DFDC/Lib" type="simple" />
            <root url="file://E:/Anaconda3/envs/DFDC/Lib/site-packages" type="simple" />
            <root url="file://$USER_HOME$/AppData/Local/JetBrains/PyCharm2020.3/python_stubs/-690389882" type="simple" />
            <root url="file://$APPLICATION_HOME_DIR$/plugins/python/helpers/python-skeletons" type="simple" />
            <root url="file://$APPLICATION_HOME_DIR$/plugins/python/helpers/typeshed/stdlib/3.7" type="simple" />
            <root url="file://$APPLICATION_HOME_DIR$/plugins/python/helpers/typeshed/stdlib/3" type="simple" />
            <root url="file://$APPLICATION_HOME_DIR$/plugins/python/helpers/typeshed/stdlib/2and3" type="simple" />
            <root url="file://$APPLICATION_HOME_DIR$/plugins/python/helpers/typeshed/third_party/3" type="simple" />
            <root url="file://$APPLICATION_HOME_DIR$/plugins/python/helpers/typeshed/third_party/2and3" type="simple" />
          </root>
        </classPath>
        <sourcePath>
          <root type="composite" />
        </sourcePath>
      </roots>
      <additional ASSOCIATED_PROJECT_PATH="$USER_HOME$/Desktop/git/FakeDefender-Server" />
    </jdk>
    <jdk version="2">
      <name value="Python 3.7 (DFDC) (3)" />
      <type value="Python SDK" />
      <version value="Python 3.7.9" />
      <homePath value="E:\Anaconda3\envs\DFDC\python.exe" />
      <roots>
        <classPath>
          <root type="composite">
            <root url="file://E:/Anaconda3/envs/DFDC/DLLs" type="simple" />
            <root url="file://E:/Anaconda3/envs/DFDC/Lib" type="simple" />
            <root url="file://E:/Anaconda3/envs/DFDC/Lib/site-packages" type="simple" />
            <root url="file://$USER_HOME$/AppData/Local/JetBrains/PyCharm2020.3/python_stubs/-690389882" type="simple" />
            <root url="file://$APPLICATION_HOME_DIR$/plugins/python/helpers/python-skeletons" type="simple" />
            <root url="file://$APPLICATION_HOME_DIR$/plugins/python/helpers/typeshed/stdlib/3.7" type="simple" />
            <root url="file://$APPLICATION_HOME_DIR$/plugins/python/helpers/typeshed/stdlib/3" type="simple" />
            <root url="file://$APPLICATION_HOME_DIR$/plugins/python/helpers/typeshed/stdlib/2and3" type="simple" />
            <root url="file://$APPLICATION_HOME_DIR$/plugins/python/helpers/typeshed/third_party/3" type="simple" />
            <root url="file://$APPLICATION_HOME_DIR$/plugins/python/helpers/typeshed/third_party/2and3" type="simple" />
          </root>
        </classPath>
        <sourcePath>
          <root type="composite" />
        </sourcePath>
      </roots>
      <additional />
    </jdk>
  </component>
</application>